Title,Company
Senior Python Developer,"Payne, Roberts and Davis"
Energy engineer,Vasquez-Davidson
Legal executive,"Jackson, Chambers and Levy"
Fitness centre manager,Savage-Bradley
Product manager,Ramirez Inc
Medical technical officer,Rogers-Yates
Physiological scientist,Kramer-Klein
Textile designer,Meyers-Johnson
Television floor manager,Hughes-Williams
Waste management officer,"Jones, Williams and Villa"
Software Engineer (Python),Garcia PLC
Interpreter,Gregory and Sons
Architect,"Clark, Garcia and Sosa"
Meteorologist,Bush PLC
Audiological scientist,Salazar-Meyers
English as a second language teacher,"Parker, Murphy and Brooks"
Surgeon,Cruz-Brown
Equities trader,Macdonald-Ferguson
Newspaper journalist,"Williams, Peterson and Rojas"
Materials engineer,Smith and Sons
Python Programmer (Entry-Level),"Moss, Duncan and Allen"
Product/process development scientist,Gomez-Carroll
"Scientist, research (maths)","Manning, Welch and Herring"
Ecologist,"Lee, Gutierrez and Brown"
Materials engineer,"Davis, Serrano and Cook"
Historic buildings inspector/conservation officer,Smith LLC
Data scientist,Thomas Group
Psychiatrist,Silva-King
Structural engineer,Pierce-Long
Immigration officer,Walker-Simpson
Python Programmer (Entry-Level),Cooper and Sons
Neurosurgeon,"Donovan, Gonzalez and Figueroa"
Broadcast engineer,"Morgan, Butler and Bennett"
Make,Snyder-Lee
"Nurse, adult",Harris PLC
Air broker,Washington PLC
"Editor, film/video","Brown, Price and Campbell"
"Production assistant, radio",Mcgee PLC
"Engineer, communications",Dixon Inc
Sales executive,"Thompson, Sheppard and Ward"
Software Developer (Python),Adams-Brewer
Futures trader,Schneider-Brady
Tour manager,Gonzales-Frank
Cytogeneticist,Smith-Wong
"Designer, multimedia",Pierce-Herrera
Trade union research officer,"Aguilar, Rivera and Quinn"
"Chemist, analytical","Lowe, Barnes and Thomas"
"Programmer, multimedia","Lewis, Gonzalez and Vasquez"
"Engineer, broadcasting (operations)",Taylor PLC
"Teacher, primary school","Oliver, Jones and Ramirez"
Python Developer,Rivera and Sons
Manufacturing systems engineer,Garcia PLC
"Producer, television/film/video","Johnson, Wells and Kramer"
"Scientist, forensic",Gonzalez LLC
Bonds trader,"Morgan, White and Macdonald"
Editorial assistant,Robinson-Fitzpatrick
Photographer,"Waters, Wilson and Hoover"
Retail banker,Hill LLC
Jewellery designer,Li-Gregory
Ophthalmologist,"Fisher, Ryan and Coleman"
"Back-End Web Developer (Python, Django)",Stewart-Alexander
Licensed conveyancer,Abbott and Sons
Futures trader,"Bryant, Santana and Davenport"
Counselling psychologist,Smith PLC
Insurance underwriter,Patterson-Singh
"Engineer, automotive",Martinez-Berry
"Producer, radio","May, Taylor and Fisher"
Dispensing optician,"Bailey, Owen and Thompson"
"Designer, fashion/clothing",Vasquez Ltd
Chartered loss adjuster,Leblanc LLC
"Back-End Web Developer (Python, Django)","Jackson, Ali and Mckee"
Forest/woodland manager,"Blankenship, Knight and Powell"
Clinical cytogeneticist,"Patton, Haynes and Jones"
Print production planner,Wood Inc
Systems developer,Collins Group
Graphic designer,Flores-Nelson
Writer,"Mitchell, Jones and Olson"
Field seismologist,Howard Group
Chief Strategy Officer,Kramer-Edwards
Air cabin crew,Berry-Houston
Python Programmer (Entry-Level),Mathews Inc
Warden/ranger,Riley-Johnson
Sports therapist,Spencer and Sons
Arts development officer,Camacho-Sanchez
Printmaker,Oliver and Sons
Health and safety adviser,Eaton PLC
Manufacturing systems engineer,Stanley-Frederick
"Programmer, applications",Bradley LLC
Medical physicist,"Parker, Goodwin and Zavala"
Media planner,Kim-Miles
Software Developer (Python),Moreno-Rodriguez
"Surveyor, land/geomatics",Brown-Ortiz
Legal executive,Hartman PLC
"Librarian, academic",Brooks Inc
Barrister,Washington-Castillo
Museum/gallery exhibitions officer,"Nguyen, Yoder and Petty"
"Radiographer, diagnostic",Holder LLC
Database administrator,Yates-Ferguson
Furniture designer,Ortega-Lawrence
Ship broker,"Fuentes, Walls and Castro"
